Date,Name,Price,Quantity,Unit,Source,Extra
2023-11-07 00:00:00,Arborio,3.99,1,kg,Aldi,
2023-11-07 00:00:00,Bacon,6.99,750,grams,Aldi,
2023-11-07 00:00:00,Bananas,4.49,1,kg,Aldi,
2023-11-07 00:00:00,Basil,2.99,1,whole,Aldi,whole is one plant
2023-11-07 00:00:00,Beef mince,5.99,500,grams,Aldi,
2023-11-07 00:00:00,Black beans,0.99,420,grams,Aldi,
2023-11-07 00:00:00,Bok choy,1.79,1,whole,Aldi,pak choy?
2023-11-07 00:00:00,Brown onions,2.99,1,kg,Aldi,
2023-11-07 00:00:00,Brown sugar,3.49,1,kg,Aldi,
2023-11-07 00:00:00,Red capsicum,5.99,1,kg,Aldi,
2023-11-07 00:00:00,Carrots,1.19,500,grams,Aldi,
2023-11-07 00:00:00,Caster sugar,2.49,1,kg,Aldi,
2023-11-07 00:00:00,Chicken,3.49,1,kg,Aldi,
2023-11-07 00:00:00,Chicken breast,9.99,1,kg,Aldi,
2023-11-07 00:00:00,Chicken stock,1.99,105,grams,Aldi,
2023-11-07 00:00:00,Chicken thigh,11.99,1,kg,Aldi,
2023-11-07 00:00:00,Chopped macadamia,13.99,400,grams,Aldi,
2023-11-07 00:00:00,Corn chips,4.99,500,grams,Aldi,one pack
2023-11-07 00:00:00,Cornflour,2.19,500,grams,Aldi,
2023-11-07 00:00:00,Cream cheese,3.49,200,grams,Aldi,
2023-11-07 00:00:00,Diced tomato,1.39,400,grams,Aldi,This is for crushed tomato
2023-11-07 00:00:00,Digestive biscuits,4.4,355,grams,Coles,
2023-11-07 00:00:00,Double cream,2.79,300,ml,Aldi,Pouring cream?
2023-11-07 00:00:00,Egg whites,5.19,12,whole,Aldi,
2023-11-07 00:00:00,Eggs,5.19,12,whole,Aldi,free range eggs 700g
2023-11-07 00:00:00,Farfalle pasta,0.99,500,grams,Aldi,
2023-11-07 00:00:00,Garlic,2.99,3,whole,Aldi,
2023-11-07 00:00:00,Ginger,24.99,1,kg,Aldi,
2023-11-07 00:00:00,Grated cheese,9.49,700,grams,Aldi,
2023-11-07 00:00:00,Green apples,4.49,1,kg,Aldi,
2023-11-07 00:00:00,Lemon,0.99,1,whole,Aldi,
2023-11-07 00:00:00,Milk,3.09,2,litres,Aldi,
2023-11-07 00:00:00,Milk chocolate,2.49,375,grams,Aldi,
2023-11-07 00:00:00,Milo,9.4,460,grams,Coles,
2023-11-07 00:00:00,Mozzarella cheese,6.99,500,grams,Aldi,
2023-11-07 00:00:00,Shredded cheese,6.99,500,grams,Aldi,Assuming tasty cheese is meant
2023-11-07 00:00:00,Mushrooms,3.49,200,grams,Aldi,
2023-11-07 00:00:00,Parsley,2.99,10,sprigs,Aldi,one whole is one sprig
2023-11-07 00:00:00,Pizza cheese,6.99,500,grams,Aldi,
2023-11-07 00:00:00,Plain flour,1.29,1,kg,Aldi,
2023-11-07 00:00:00,Potatoes,5.99,2,kg,Aldi,
2023-11-07 00:00:00,Red onion,2.49,500,grams,Aldi,
2023-11-07 00:00:00,Rice,3.59,2,kg,Aldi,
2023-11-07 00:00:00,Rigatoni pasta,3.5,500,grams,Coles,
2023-11-07 00:00:00,Roasted cashews,11.99,750,grams,Aldi,called natural cashews. roasted are 8.49 for 400 grams
2023-11-07 00:00:00,Rolled oats,1.35,750,grams,Aldi,
2023-11-07 00:00:00,Sour cream,3.19,300,grams,Aldi,
2023-11-07 00:00:00,Spring onions,1.2,10,whole,7 Fresh Eastwood,"sold per ""bunch"""
2023-11-07 00:00:00,SR flour,1.29,1,kg,Aldi,
2023-11-07 00:00:00,Strawberries,5.49,350,grams,Aldi,
2023-11-07 00:00:00,Sweet potato,2.99,1,kg,Aldi,
2023-11-07 00:00:00,Thickened cream,2.79,300,ml,Aldi,
2023-11-07 00:00:00,Tomato,3.49,500,grams,Aldi,
2023-11-07 00:00:00,Tomato passata,1.99,700,grams,Aldi,
2023-11-07 00:00:00,Tuna,2.29,185,grams,Aldi,
2023-11-07 00:00:00,Vanilla,4.99,100,ml,Aldi,
2023-11-07 00:00:00,Vinegar,1.59,2,litres,Aldi,
2023-11-07 00:00:00,White chocolate chips,2.79,250,grams,Aldi,
2023-11-07 00:00:00,White sugar,2.59,2,kg,Aldi,
2023-11-07 00:00:00,Yoghurt,3.99,1,kg,Aldi,
2023-11-07 00:00:00,Sprinkles,2.99,250,grams,Aldi,
2023-11-07 00:00:00,Tinned chickpeas,0.99,420,grams,Aldi,
2023-11-07 00:00:00,Lentils,0.99,420,grams,Aldi,
2023-11-07 00:00:00,Coconut cream,0.99,400,ml,Aldi,
2023-11-07 00:00:00,Pumpkin,2.49,1,kg,Aldi,kent pumpkin
2023-11-05 00:00:00,Salt,1.3,500,grams,Coles,Saxa salt
2023-11-05 00:00:00,Butter,3.7,250,grams,Coles,Unsalted no frills
2023-11-05 00:00:00,Baking soda,5.55,300,grams,Coles,Assuming I meant baking powder
2023-11-05 00:00:00,Water,0,1,ml,Tap,Free item woohoo
2023-12-21 00:00:00,Ground almond,5.99,400,grams,Aldi,
2023-12-21 00:00:00,icing sugar,3.69,1,kg,Aldi,
2023-12-21 00:00:00,Parmesan,5.99,200,grams,Aldi,Maybe the worse one: good one out of stock
2023-12-21 00:00:00,Green beans,3.49,500,grams,Aldi,
2023-12-21 00:00:00,Curry powder,3.5,100,grams,Woolworths,
2023-12-21 00:00:00,Cardamon,2,24,grams,Woolworths,
2023-12-21 00:00:00,Coconut milk,0.95,400,ml,Aldi,
2023-12-21 00:00:00,Vegetable stock,1.79,1,litre,Aldi,
2023-12-21 00:00:00,Puff pastry,2.79,8,whole,Aldi,Pack is 1 kg
2023-12-21 00:00:00,Red wine,3.49,750,ml,Aldi,Box wine
2023-12-21 00:00:00,Dry yeast,4.8,280,grams,Woolworths,
2023-12-21 00:00:00,Cabanossi,4.29,300,grams,Aldi,
2023-12-21 00:00:00,Fettucine,0.99,500,grams,Aldi,
2023-12-21 00:00:00,Basil pesto,1.79,190,grams,Aldi,
2023-12-21 00:00:00,Cobb loaf,3,1,whole,Coles,A white cobb loaf for making stuffed cobb loaf. One b?
2023-12-21 00:00:00,Mixed herbs,6,140,grams,Coles,Italian mixed herbs
2023-12-21 00:00:00,Pepper,8.5,95,grams,Coles,
2023-12-21 00:00:00,Turmeric,2.8,28,grams,Coles,
2023-12-21 00:00:00,Oregano,2.6,5,grams,Coles,
2023-12-21 00:00:00,Cinnamon,2.8,28,grams,Coles,
2023-12-21 00:00:00,Mixed spices,3.4,30,grams,Coles,
2023-12-21 00:00:00,Peanut butter,3.79,500,grams,Aldi,
2023-12-21 00:00:00,Capers,3.5,230,grams,Coles,
2023-12-21 00:00:00,Brown rice,2.49,1,kg,Aldi,
2023-12-21 00:00:00,Choc chips,2.79,250,grams,Aldi,
2023-12-21 00:00:00,Porterhouse steak,7,200,grams,Aldi,
2023-12-21 00:00:00,Vegetable oil,7.49,2,litres,Aldi,
2023-12-22 00:00:00,Baking powder,2.39,500,grams,Aldi,Admittedly this is for bicarb but it can't make that much difference
2023-12-22 00:00:00,Bi-carb,2.39,500,grams,Aldi,
2023-12-22 00:00:00,Bread,2.29,20,whole,Aldi,Whole refers to slices; 20 is a guess
2023-12-22 00:00:00,Lasagne sheets,1.89,15,whole,Aldi,Whole refers to sheets
2023-12-22 00:00:00,Cointreau,70,1,litre,Dan Murphy,Actually it was duty free but close enough.
2024-02-19 00:00:00,Fettuccine pasta,0.99,500,grams,Aldi,
2024-02-19 00:00:00,Spaghetti,0.99,500,grams,Aldi,
2024-02-19 00:00:00,Worcestershire Sauce,1.99,250,ml,Aldi,
2024-02-19 00:00:00,Lemon,1.99,1,whole,Freshtown,Generally bigger lemons than aldi
2024-02-19 00:00:00,Gai lan,1.5,8,whole,New Yen Yen,
2024-02-19 00:00:00,Shallots,1.1,1,whole,New yen yen; Evergreen fresh world,One bunch is so enormous.
2024-02-19 00:00:00,Sweet potato,2.59,1,kg,Sakura supermarket,
2024-02-19 00:00:00,Breadcrumbs,1.69,500,grams,Aldi,
2024-02-19 00:00:00,Butter,6.39,500,grams,Aldi,
2024-02-19 00:00:00,Red capsicum,6.99,1,kg,Aldi,
2024-02-19 00:00:00,Broccoli,7.99,1,kg,Aldi,
2024-02-19 00:00:00,Chicken stock,1.79,1,Litre,Aldi,
2024-02-19 00:00:00,Brioche buns,3.29,4,whole,Aldi,
2024-02-19 00:00:00,Bread flour,4,1,kg,Woolworths,Maybe a scam; looking into other brands
2024-02-19 00:00:00,Asparagus,3.99,8,whole,Super Fresh,
2024-02-19 00:00:00,Souvlaki pita,4.5,5,whole,Woolworths,Missian brand souvlaki (might be more than 5 pack).
2024-02-19 00:00:00,Wheat Biscuits,4.49,1.12,kg,Aldi,
2024-02-19 00:00:00,Olive oil,10.99,750,ml,Aldi,
2024-02-19 00:00:00,Beef ravioli,4.99,625,grams,Aldi,
2024-02-19 00:00:00,Halloumi,5.79,250,grams,Aldi,
2024-02-19 00:00:00,Parmesan,7.69,250,grams,Aldi,Grana padano in a wedge
2024-02-19 00:00:00,Rigatoni,1,500,grams,Coles,
2024-02-19 00:00:00,Oregano,1.8,10,grams,Coles,
2024-02-19 00:00:00,Paprika,2.4,30,grams,Woolworths,
2024-02-19 00:00:00,Ground cloves,4.8,20,grams,Woolworths,
2024-02-19 00:00:00,Bay leaves,2,15,grams,Woolworths,
2024-02-19 00:00:00,Gnocchi,3.29,500,grams,Aldi,
2024-02-19 00:00:00,Rice paper,3.48,30,whole,Eastwood Mart,I guessed the number
2024-02-19 00:00:00,Chow mein noodles,3.8,500,grams,New Yen Yen,
2024-02-19 00:00:00,Bean sprouts,1.2,450,grams,New Yen Yen,
2024-02-19 00:00:00,Hoi sin sauce,3.5,210,ml,New Yen Yen,
2024-02-19 00:00:00,light soy sauce,3.5,210,ml,New Yen Yen,
2024-02-19 00:00:00,Wombok,4.99,8,cups,Super Fresh,1 whole; shredded it would probably be 8 cups
2024-02-19 00:00:00,Potatoes,5.99,2,kg,Aldi,
2024-02-19 00:00:00,Spinach,1.99,120,grams,Aldi,
2024-02-19 00:00:00,Hokkien noodles,2.4,500,grams,New Yen Yen,
2024-02-19 00:00:00,Tomato,3.99,1,kg,Freshtown,
2024-02-19 00:00:00,Canola oil,7.49,2,litres,Aldi,
2024-02-19 00:00:00,Oyster sauce,6.99,510,grams,Eastwood Mart,
2024-02-19 00:00:00,Mixed vegetables,4.19,1,kg,Aldi,
2024-02-19 00:00:00,Sesame oil,3.4,120,ml,New Yen Yen,
2024-02-19 00:00:00,Chinese cooking wine,1.8,640,ml,New Yen Yen,
2024-02-19 00:00:00,Rice noodles,3.5,950,grams,New Yen Yen,
2024-02-19 00:00:00,Dark soy sauce,3.44,500,ml,Eastwood Mart,
2024-02-19 00:00:00,Pita bread,3.5,5,whole,Woolworths,Specifically mission brand souvlaki pita bread.
2024-02-19 00:00:00,Peas,2.59,1,kg,Aldi,
2024-02-19 00:00:00,Beetroot,4.5,5,whole,Super Fresh,More expensive than other places; fresher
2024-02-19 00:00:00,Beef silverside,18.99,1,kg,S&Y Butchery,
2024-02-19 00:00:00,Mustard seeds,1.55,25,grams,Woolworths,
2024-02-19 00:00:00,Wholemeal flour,2.25,1,kg,Woolworths,
2024-03-20 15:16:06,Basmati rice,4,1,kg,Aldi,Not sure if true and I haven't bought from aldi; currently using maharajahs choice
2024-04-12 22:17:03,Taco spice mix,7,143,grams,Coles,
2024-04-12 22:18:03,Cumin,1.85,42,grams,Coles,
2024-04-12 22:19:22,Garlic powder,2.75,60,grams,Coles,
2024-04-12 22:20:22,Onion powder,2.4,42,grams,Coles,
2024-04-13 09:19:53,Cumin seeds,3.49,100,grams,Sakura supermarket,
2024-04-13 09:20:17,Coriander seeds,1.49,50,grams,Sakura supermarket,
2024-04-13 09:20:55,Fennel seeds,1.89,100,grams,Sakura supermarket,
2024-04-13 09:21:25,Lamb,14.99,1,kg,L&C Butchery,For pre-cubed lamb chunks
2024-04-13 09:22:02,Frozen garlic bread,2.29,2,whole,Aldi,This is a guess; I lost the reciept. Could be 3.29?
2024-06-10 22:12:42,Avocado,2.5,1,whole,Super Fresh Eastwood,Fluctuates wildly
2024-06-10 22:13:11,Swede,7.99,1,kg,Super Fresh Eastwood,AKA Rutabaga
2024-06-10 22:35:58,Peanut butter,3.39,500,grams,Aldi,It went down in price!
2024-06-10 22:37:48,Cherry tomatoes,2.99,250,grams,Aldi,1 punnet
2024-06-10 22:38:18,Split peas,3.95,1,kg,Ravis House of Spices West Ryde,Green
2024-06-10 22:39:46,Red wine,8.69,2,litres,Aldi,Cask red wine
2024-06-10 22:40:17,Beef stock,1.79,1,litre,Aldi,
2024-06-10 22:40:50,Bananas,3.99,1,kg,Aldi,
2024-06-10 22:41:41,Cucumber,6.99,1,kg,Aldi,
2024-06-10 22:41:53,Tomato,8.99,1,kg,Aldi,
2024-06-10 22:42:13,Red capsicum,11.99,1,kg,Aldi,
2024-06-10 22:42:37,Guanciale,50,1,kg,Skorin Deli,Cheaper at super fresh in Eastwood
2024-06-10 22:43:28,Ground almond,14.99,1,kg,Skorin Deli,Cheaper at aldi by 1.5 cents per kilo and in better packaging.
2024-06-10 22:46:19,Coconut,3.6,500,grams,Woolworths,Dessiccated
2024-06-10 22:46:59,Tapioca flour,4,300,grams,Woolworths,
2024-06-10 22:47:26,Cardamom pods,2.8,100,whole,Woolworths,I counted all 93 in our jar by hand (we used some already)
2024-06-10 22:52:35,Double cream,4.39,300,ml,Aldi,It went up by so much
2024-06-10 22:53:28,Jasmine rice,4.8,1,kg,New Yen Yen,Rose brand from Thailand
2024-06-10 22:55:34,Diced tomatoes,0.95,1,whole,Aldi,One 400 gram can
2024-06-10 22:55:55,Kalamata olives,2.69,350,grams,Aldi,Kalamata
2024-06-10 22:56:37,Passata,1.99,700,ml,Aldi,
2024-06-10 22:57:12,Halloumi,4.99,225,grams,Aldi,
2024-06-10 22:57:46,Sultanas,4.99,1,kg,Aldi,
2024-06-10 22:58:16,Salmon,16.49,460,grams,Aldi,Packs of salmon cutlets (2).
2024-06-10 23:00:12,Lemon,0.79,1,whole,Aldi,Fluctuates a lot
2024-06-10 23:00:42,Red capsicum,7.99,1,kg,Aldi,Green capsicum. Red more expensive I think
2024-06-10 23:01:38,Sirloin steak,19.29,1,kg,L & C Butcher,Probably fluctuates
2024-06-10 23:02:43,Salsa,1.39,300,grams,Aldi,
2024-06-10 23:03:09,Prawns,12.99,500,grams,Aldi,Frozen and shelled but with tails
2024-06-10 23:05:31,Icing sugar,3.79,1,kg,Aldi,
2024-06-10 23:07:10,Sweet potato,2.99,1,kg,Aldi,
2024-06-10 23:08:18,Broccoli,5.99,1,kg,Sakura,
2024-06-10 23:09:53,Salt,4.5,750,grams,Woolworths,Saxa salt for better pouring
2024-06-10 23:10:42,Dijon mustard,2.59,190,grams,Aldi,
2024-06-10 23:11:43,Sundried tomatoes,2.49,280,grams,Aldi,
2024-06-10 23:12:11,Mint,1.5,1,cup,Super Fresh,Probably a cup idk just sold in a bunch
2024-06-10 23:15:25,Frozen dumplings,5.5,600,grams,New Yen Yen,Pork and chives JM brand
2024-06-10 23:17:16,Lemon grass,2.99,3,whole,Super Fresh,unsure what unit to use. plenty for the massaman curry
2024-06-10 23:17:58,Tamarind paste,2.5,114,grams,New Yen Yen,
2024-06-10 23:18:27,Fish sauce,3.5,210,ml,New Yen Yen,Ayam brand
2024-06-10 23:18:49,Dried red chilli,2.99,75,grams,New Yen Yen,Macrotaste
2024-06-10 23:19:25,Cinnamon sticks,1.9,10,whole,New Yen Yen,Guestimate. 50 grams
2024-06-10 23:20:05,Star anise,2.39,50,grams,Sakura Supermarket,
2024-06-10 23:20:36,Brussel sprouts,5.99,500,grams,Aldi,
2024-06-10 23:21:45,Mayonnaise,3.69,455,grams,Aldi,
2024-06-10 23:22:14,White vinegar,1.59,2,litres,Aldi,
2024-06-10 23:22:29,Apple cider vinegar,3.19,500,ml,Aldi,
2024-06-12 10:54:03,Thyme,1.2,12,grams,Woolworths,thyme leaves
2024-06-12 10:54:52,Fresh coriander,3.2,20,whole,Woolworths,Whole sprigs
2024-06-12 10:55:29,Frozen potato chips,3.79,1,whole,Aldi,whole bag
2024-06-12 10:56:21,Icecream,6.49,2,litres,Aldi,Blue ribbon buttercream
2024-06-12 10:57:02,Cos lettuce,1.99,2,whole,Aldi,Baby cos
2024-06-12 10:57:36,Sliced almonds,3.49,140,grams,Aldi,Says 125-180 grams on reciept
2024-06-12 10:58:09,Pine nuts,4.69,100,grams,Aldi,
2024-06-12 10:58:26,White wraps,3.29,8,whole,Aldi,
2024-06-12 10:59:58,Sausages,10.99,18,whole,Aldi,whole sausages
2024-06-12 11:00:40,Cheddar,4.49,200,grams,Aldi,
2024-06-12 11:01:06,Pizza base,2.99,2,whole,Aldi,
2024-06-12 11:01:33,Iceberg lettuce,2.99,1,head,Aldi,whole head
2024-06-12 11:02:22,Chicken wings,8.99,1,kg,L&C butchery,Middle wing
2024-06-12 11:04:11,Butternut pumpkin,2.5,1,kg,Aldi,
2024-06-12 11:05:09,Souvlaki wraps,3.5,5,whole,Woolworths,mission brand
2024-06-12 11:05:32,Vegetable oil,6.69,2,litres,Aldi,
2024-06-12 11:06:40,Walnuts,7.99,500,grams,Aldi,
2024-06-12 11:06:59,Pita bread,1.99,5,whole,Aldi,
2024-06-12 11:07:33,Nutmeg,2.55,30,grams,Woolworths,Definitely more than 6 tsp
2024-06-12 11:09:13,Lamb cubes,14.99,1,kg,L&C butchery,
2024-06-12 11:09:36,Coriander,1.49,50,grams,Sakura supermarket,Actually the kibbled seeds but oh well
2024-06-12 11:10:08,Tomato sauce,1.89,500,ml,Aldi,
2024-06-12 11:10:40,Sliced cheese,5.49,16,whole,Aldi,Guessing on the 16
2024-06-12 11:11:12,Amchur,1.64,100,grams,Ravis house of spices,
2024-06-12 11:12:15,Garam masala,2.6,25,grams,Woolworths,not 5 tsp
2024-06-12 11:13:21,Semolina flour,4.75,925,grams,Woolworths,
2024-08-13 20:24:59,Broccoli,5.99,1,kg,Sakura supermarket,One head was 400 grams.
2024-08-13 20:28:38,Red capsicum,4.99,1,kg,Tonyon Warehouse,Red capsicum
2024-08-30 22:44:52,Beef mince,9.99,1,kg,Hong Meat,
2024-08-30 22:45:14,Chicken breast,9.99,1,kg,Hong Meat,
2024-08-30 22:45:51,Chicken thigh,11.99,1,kg,Hong Meat,
2024-08-30 22:46:38,Bananas,3.99,1,kg,Sakura,
2024-08-30 22:47:02,Red onion,4.99,1,kg,Sakura,
2024-08-30 22:47:31,Ginger,16.99,1,kg,Sakura,
2024-08-30 22:47:57,Cucumber,6.99,1,kg,Yonghui,
2024-08-30 22:48:21,Sweet potato,1.99,1,kg,Tonyon Warehouse,
2024-08-30 22:49:13,Leeks,2.88,1,whole,Tonyon Warehouse,
2024-08-30 22:49:41,Spring onions,1.99,10,whole,Tonyon Supermarket,
2024-08-30 22:50:15,Tomato,5.99,1,kg,Freshtown,
2024-08-30 22:50:38,Milk,4.19,2,litres,Super Fresh,
2024-08-30 22:50:55,Yoghurt,7.5,1,kg,Super Fresh,
2024-08-30 22:51:15,Potatoes,3.99,1,kg,Super Fresh,
2024-08-30 22:51:42,Bacon,4.4,200,grams,Woolworths,
2024-08-30 22:52:21,Mascarpone,4.8,250,grams,Woolworths,
2024-08-30 22:52:45,Avocado,3.99,1,whole,Super Fresh,Very nice quality though.
2024-08-30 22:53:15,Red onion,5.99,1,kg,Super Fresh,
2024-08-30 22:53:40,Carrots,3.99,1,kg,Super Fresh,
2024-08-30 22:55:03,Chow mein noodles,3.6,500,grams,New Yen Yen,
2024-08-30 22:56:00,Brown onions,2.59,1,kg,Sakura,
2024-08-30 22:56:58,Cannellini beans,2.5,400,grams,Super Fresh,Other beans for $1.69
2024-08-30 22:57:48,Swede,7.99,1,kg,Super Fresh,
2024-08-30 22:58:07,Thickened cream,3.99,300,ml,Super Fresh,
2024-08-30 22:59:12,Coconut milk,2.38,400,ml,Yonghui,
2024-08-30 22:59:40,Sesame oil,5.99,370,ml,Yonghui,
2024-08-30 23:00:16,Bean sprouts,1.28,450,grams,Tonyon Warehouse,
2024-08-30 23:01:29,Lamb shoulder,7.99,1,kg,Hong Meat,
2024-08-30 23:01:47,Spring onions,2,10,whole,7Fresh,
2024-08-30 23:02:09,Red onion,4.99,1,kg,Freshtown,
2024-08-30 23:02:31,Eggs,7.99,12,whole,Freshtown,Free range 800 grams.
2024-08-30 23:03:10,Carrots,1.99,1,kg,Sakura,
2024-08-30 23:03:28,Broccoli,5.99,1,kg,Sakura,
2024-08-30 23:03:49,Bread flour,21.5,12.5,kg,New Yen Yen,Manilda protein enriched flour in bulk.
2024-08-30 23:04:20,Jasmine rice,4.8,1,kg,New Yen Yen,Rose brand.
2024-08-30 23:04:42,Parmesan,10.99,200,grams,Super Fresh,Parmigiano Reggiano with some certification.
2024-08-30 23:05:08,Halloumi,6.99,225,grams,Super Fresh,Dodoni.
2024-08-30 23:05:41,Rolled oats,3.2,1,kg,Super Fresh,
2024-08-30 23:06:08,Cucumber,5.99,1,kg,Yonghui,
2024-08-30 23:06:30,Tomato,6.99,1,kg,Yonghui,
2024-08-30 23:06:51,Cherry tomatoes,9.99,1,kg,Yonghui,
2024-08-30 23:07:10,Brown onions,1.99,1,kg,Yonghui,Consistently large and blemish free.
2024-09-02 23:11:38,Brown onions,2.59,1,kg,Sakura,
2024-09-02 23:12:44,Red onion,4.99,1,kg,Sakura,
2024-09-02 23:13:09,Broccoli,2.99,1,kg,Yonghui,
2024-09-02 23:13:35,Iceberg lettuce,1.99,1,head,Yonghui,
2024-09-02 23:13:52,Spring onions,2.29,10,whole,Yonghui,
2024-09-02 23:14:28,Tomato,2.88,1,kg,Tonyon Warehouse,Cheapest I think I've ever seen.
2024-09-02 23:14:52,Lemon,0.4,1,whole,Tonyon Warehouse,"At 2.88 per kilogram, possibly price error."
2024-09-02 23:15:54,Gai lan,1.99,8,whole,Tonyon Supermarket,
2024-09-02 23:16:28,Rice noodles,3.8,950,grams,New Yen Yen,Price has gone up.
2024-09-02 23:17:02,Cucumber,8.99,800,grams,Freshtown,
2024-09-04 22:18:21,Bananas,3.99,1,kg,Tonyon Warehouse,
2024-09-04 22:19:31,Red capsicum,4.99,1,kg,Tonyon Warehouse,Red
2024-09-04 22:19:55,Olive oil,21.6,1,litre,Woolworths,Moro brand spanish olive oil
2024-09-04 22:20:33,Steamed bao bun,6,8,whole,Woolworths,Folded bao buns to steam and then fill with toppings.
2024-09-04 22:21:53,Sultanas,5,1,kg,Woolworths,
2024-09-04 22:22:09,Butter,7,500,grams,Woolworths,Unsalted
2024-09-04 22:22:41,Buttermilk,2.75,600,ml,Woolworths,Dairy Farmers brand
2024-09-04 22:23:08,Souvlaki wraps,3.5,5,whole,Woolworths,
2024-09-04 22:24:00,Gai lan,1.69,8,whole,Yonghui,
2024-09-04 22:24:22,Cherry tomatoes,9.99,1,kg,Yonghui,
2024-09-04 22:24:55,Leeks,5.99,2,whole,Freshtown,
2024-09-04 22:26:40,Breadcrumbs,3,750,grams,Woolworths,
2024-09-04 22:28:20,Thickened cream,2.8,300,ml,Woolworths,
2024-09-04 22:29:02,Bananas,3.79,1,kg,Sakura,
2024-09-04 22:30:23,Potatoes,3.99,1,kg,Sakura,
2024-09-04 22:30:53,Poppy seeds,5,240,grams,Woolworths,A ridiculously big container
2024-09-04 22:31:43,Ginger,9.9,1,kg,Eastwood Mart,
2024-09-04 22:32:06,Flank steak,13.12,500,grams,Uncles Butcher,"Approximately 500 grams for a recipe cost me this much, per kilo price not printed."
2024-09-04 22:38:23,Cannellini beans,1.9,400,grams,Woolworths,Annalisa brand
2024-09-04 22:40:28,Eggs,7.99,12,whole,Freshtown,Free range 800 grams.
2024-09-04 22:41:03,Sour cream,3.25,300,ml,Woolworths,
2024-09-04 22:41:24,Chicken stock,4.5,1,litre,Coles,Campbells real stock. Reduced salt.
2024-09-04 22:42:22,Dumplings,5.5,600,grams,New Yen Yen,One pack of pork and chives dumplings. JM brand.
2024-09-04 22:43:49,Bean sprouts,1.2,450,grams,New Yen Yen,
2024-09-04 22:47:32,Butter,6.4,500,grams,Woolworths,Unsalted.
2024-09-04 22:48:27,Tinned chickpeas,1,420,grams,Woolworths,
2024-09-04 22:52:05,Ikea meatballs,20,1,kg,Ikea,Though their website currently says $16.
2024-09-04 22:52:43,Ikea cinnamon buns,9,6,whole,Ikea,
2024-09-04 22:53:48,Ikea gravy,4,1,whole,Ikea,One 28 gram packet of powder.
2024-09-04 22:54:34,Ikea lingonberry jam,6,400,grams,Ikea,
2024-10-28 00:00:00,Veal,12.09,450,grams,Aldi,Pre-sliced.
2024-10-28 00:00:00,Chicken burger patties,9.99,12,whole,Aldi,
2024-10-08 00:00:00,Potatoes,3.99,1,kg,Superfresh,
2024-10-08 00:00:00,Salmon,19.5,460,grams,Woolworths,
2024-10-28 00:00:00,Tomato paste,1.5,500,grams,Woolworths,Essentials brand
2024-10-28 00:00:00,Puff pastry,2.95,8,whole,Woolworths,
2024-10-28 00:00:00,Butter,7,500,grams,Woolworths,
2024-10-28 00:00:00,Sultanas,7,1,kg,Woolworths,
2024-10-28 00:00:00,Bacon,13.99,1,kg,Superfresh,Zammit brand.
2024-10-28 00:00:00,Milk,4.19,2,litres,Superfresh,
2024-10-28 00:00:00,Chicken thigh,11.99,1,kg,Hong meat,
2024-10-28 00:00:00,Bananas,3.99,1,kg,7Fresh,
2024-10-28 00:00:00,Leeks,2.99,1,whole,7Fresh,
2024-10-28 00:00:00,Jasmine rice,4.8,1,kg,New yen yen,
2024-10-28 00:00:00,Plain flour,8.48,5,kg,Yonghui,
2024-10-28 00:00:00,Tomato,4.49,1,kg,Yonghui,
2024-10-28 00:00:00,Eggs,7.99,12,whole,Yonghui,
2024-10-28 00:00:00,Gai lan,1.69,8,whole,Yonghui,
2024-10-28 00:00:00,Brown onions,2.49,1,kg,Sakura,
2024-10-28 00:00:00,Iceberg lettuce,1.99,1,head,Sakura,
2024-10-24 00:00:00,Salmon,17.5,460,grams,Woolworths,Skin on fillets.
2024-10-21 00:00:00,Cauliflower,4.99,1,whole,7Fresh,
2024-10-21 00:00:00,Brown onions,2.49,1,kg,Sakura,
2024-10-21 00:00:00,Eggs,7.99,12,whole,Freshtown,
2024-10-21 00:00:00,Milk,4.19,2,litres,Superfresh,
2024-10-21 00:00:00,Red capsicum,6.99,1,kg,Tonyon Warehouse,Red
2024-10-21 00:00:00,Red onion,5.99,1,kg,Yonghui,
2024-10-21 00:00:00,Avocado,1.99,1,whole,Yonghui,Not as fancy as superfresh
2024-10-21 00:00:00,Grated cheese,10.5,500,grams,Woolworths,Bega tasty cheese
2024-10-21 00:00:00,Chicken breast,9.99,1,kg,Hong Meat,
2024-10-14 00:00:00,Potatoes,4.99,1,kg,Superfresh,
2024-10-14 00:00:00,Leeks,2.99,1,whole,7Fresh,
2024-10-14 00:00:00,Cucumber,2.99,1,kg,Sakura,
2024-10-14 00:00:00,Brown onions,2.49,1,kg,Sakura,
2024-10-14 00:00:00,Cherry tomatoes,8.99,1,kg,Yonghui,
2024-10-14 00:00:00,Red onion,5.99,1,kg,Yonghui,
2024-10-14 00:00:00,Tomato,2.28,1,kg,Tonyon Supermarket,
2024-10-09 00:00:00,Potatoes,3.99,1,kg,Superfresh,
2024-10-07 00:00:00,Potatoes,3.99,1,kg,Sakura,
2024-10-07 00:00:00,Beef mince,9.99,1,kg,Hong Meat,
2024-10-07 00:00:00,Cherry tomatoes,8.99,1,kg,Yonghui,
2024-10-07 00:00:00,Red onion,6.99,1,kg,Yonghui,
2024-10-07 00:00:00,Chow mein noodles,2.99,500,grams,Yonghui,
2024-10-07 00:00:00,Bananas,2.68,1,kg,Tonyon Supermarket,
2024-10-07 00:00:00,Bean sprouts,1.29,400,grams,Sakura,Belmore brand
2024-10-07 00:00:00,Cucumber,2.99,1,kg,Sakura,
2024-10-07 00:00:00,Brown onions,2.59,1,kg,Sakura,
2024-10-07 00:00:00,Sweet potato,1.99,1,kg,Sakura,
2024-10-07 00:00:00,Carrots,1.99,1,kg,Sakura,
2024-10-07 00:00:00,Coconut milk,1.69,400,ml,Sakura,Valcom brand
2024-10-07 00:00:00,Red capsicum,4.99,1,kg,Tonyon Warehouse,Red
2024-10-07 00:00:00,Basmati rice,4,1,kg,Woolworths,
2024-10-07 00:00:00,Plain flour,1.4,1,kg,Woolworths,
2024-10-07 00:00:00,Farfalle pasta,4,500,grams,Woolworths,
2024-10-07 00:00:00,Parmesan,6.5,200,grams,Woolworths,"Lowest quality, no rind"
2024-10-07 00:00:00,Paprika,2.4,30,grams,Woolworths,
2024-10-07 00:00:00,Oregano,1.8,10,grams,Woolworths,
2024-10-07 00:00:00,Halloumi,4.8,180,grams,Woolworths,
2024-10-07 00:00:00,Chicken breast,9.99,1,kg,Hong Meat,
2024-09-30 00:00:00,Red onion,4.99,1,kg,7Fresh,
2024-09-30 00:00:00,Sour cream,3.99,250,grams,Superfresh,
2024-09-30 00:00:00,Mushrooms,11.99,1,kg,Superfresh,
2024-09-30 00:00:00,Capers,3.5,110,grams,Superfresh,
2024-09-30 00:00:00,Milk,4.19,2,litres,Superfresh,
2024-09-30 00:00:00,Olive oil,24.99,1,litre,Superfresh,Moro brand spanish olive oil
2024-09-30 00:00:00,Brown onions,2.59,1,kg,Sakura,
2024-09-30 00:00:00,Potatoes,3.99,1,kg,Sakura,
2024-09-30 00:00:00,Tomato,3.59,1,kg,Yonghui,
2024-09-30 00:00:00,Eggs,7.99,12,whole,Freshtown,
2024-09-30 00:00:00,Red capsicum,5.99,1,kg,Tonyon Warehouse,Red
2024-09-30 00:00:00,Sweet potato,1.88,1,kg,Tonyon Warehouse,
2024-09-30 00:00:00,Sunflower oil,7,1,litre,New Yen Yen,
2024-09-30 00:00:00,Butter,6.4,500,grams,Woolworths,
2024-09-30 00:00:00,Thickened cream,4.5,600,ml,Woolworths,
2024-09-30 00:00:00,Garlic powder,2.3,50,grams,Woolworths,
2024-09-27 00:00:00,Cucumber,3.99,1,kg,Superfresh,
2024-09-27 00:00:00,Lamb cubes,15.99,1,kg,L&C butchery,
2024-09-27 00:00:00,Gnocchi,3.25,500,grams,Woolworths,
2024-09-27 00:00:00,White sugar,2.59,2,kg,Aldi,
2024-09-23 00:00:00,Plain flour,1.29,1,kg,Aldi,
2024-09-23 00:00:00,Beef stock,1.79,1,litre,Aldi,
2024-09-23 00:00:00,Diced tomatoes,0.95,1,whole,Aldi,One 400 gram can
2024-09-23 00:00:00,Kalamata olives,2.99,350,grams,Aldi,Kalamata
2024-09-23 00:00:00,Potatoes,6.99,2,kg,Aldi,
2024-09-23 00:00:00,Sultanas,4.99,1,kg,Aldi,
2024-09-23 00:00:00,Brown onions,3.49,1,kg,Aldi,
2024-09-23 00:00:00,Cherry tomatoes,2.79,250,grams,Aldi,
2024-09-23 00:00:00,Ginger,19.99,1,kg,Aldi,
2024-09-23 00:00:00,Carrots,1.99,1,kg,Aldi,
2024-09-23 00:00:00,Sweet potato,3.99,1,kg,Aldi,
2024-09-23 00:00:00,Cucumber,9.49,1,kg,Aldi,
2024-09-23 00:00:00,Milk,3.09,2,litres,Aldi,
2024-09-23 00:00:00,Yoghurt,3.79,1,kg,Aldi,
2024-09-21 00:00:00,Prawns,25.99,1,kg,Eastwood Seafood Supplier,"Frozen, not shelled."
2024-09-16 00:00:00,Gnocchi,3.2,500,grams,Superfresh,
2024-09-16 00:00:00,Carrots,2.99,1,kg,Superfresh,
2024-09-16 00:00:00,Chow mein noodles,2.98,500,grams,Tonyon Supermarket,
2024-09-16 00:00:00,Lemon,3.28,1,kg,Tonyon Warehouse,One for 0.93
2024-09-16 00:00:00,Red capsicum,6.99,1,kg,Tonyon Warehouse,Red
2024-09-16 00:00:00,Cherry tomatoes,6.99,1,kg,Yonghui,
2024-09-16 00:00:00,Bananas,3.99,1,kg,Yonghui,
2024-09-16 00:00:00,Bean sprouts,1.29,400,grams,Sakura,Belmore brand
2024-09-16 00:00:00,Brown onions,2.59,1,kg,Sakura,
2024-09-16 00:00:00,Red onion,4.99,1,kg,Sakura,
2024-09-16 00:00:00,Potatoes,3.99,1,kg,Sakura,
2024-09-16 00:00:00,Broccoli,2.49,1,kg,Sakura,
2024-09-16 00:00:00,Light soy sauce,3.79,500,ml,Sakura,
2024-09-09 00:00:00,Red onion,4.99,1,kg,Sakura,
2024-09-09 00:00:00,Sweet potato,2.99,1,kg,Sakura,
2024-09-09 00:00:00,Carrots,1.99,1,kg,Sakura,
2024-09-09 00:00:00,Potatoes,3.99,1,kg,Yonghui,
2024-09-09 00:00:00,Peas,8.99,2,kg,Tonyon Warehouse,
2024-09-09 00:00:00,Mushrooms,9.99,1,kg,Superfresh,
2024-09-09 00:00:00,Parmesan,10.99,200,grams,Superfresh,Parmigiano reggiano with some certification
2024-09-09 00:00:00,Milk,4.19,2,litres,Superfresh,
2024-09-09 00:00:00,Dijon mustard,2.9,200,grams,Woolworths,Your Condiment Co. brand
2024-09-09 00:00:00,Butter,6.4,500,grams,Woolworths,
2024-09-09 00:00:00,Mayonnaise,7.5,400,grams,Woolworths,
2024-09-09 00:00:00,Salt,4.5,750,grams,Woolworths,Saxa salt for better pouring
2024-11-04 00:00:00,Cucumber,2.49,1,kg,Sakura,
2024-11-04 00:00:00,Chinese cooking wine,1.99,640,ml,Sakura,
2024-11-04 00:00:00,Oyster sauce,3.49,700,grams,Sakura,
2024-11-04 00:00:00,Garlic,17.99,1,kg,Sakura,
2024-11-04 00:00:00,Cherry tomatoes,6.99,1,kg,Yonghui,
2024-11-04 00:00:00,Milk,3.98,2,litres,Yonghui,
2024-11-04 00:00:00,Tomato,3.49,1,kg,Yonghui,
2024-11-04 00:00:00,Red onion,5.99,1,kg,Yonghui,
2024-11-04 00:00:00,Avocado,1.99,1,whole,Yonghui,Not as fancy as superfresh
2024-11-04 00:00:00,Eggs,7.99,12,whole,Yonghui,
2024-11-04 00:00:00,Leeks,2.99,1,whole,Tonyon Warehouse,
2024-11-04 00:00:00,Mango,1.99,1,kg,Tonyon Warehouse,
2024-11-04 00:00:00,Orange,1.88,1,kg,Tonyon Warehouse,
2024-11-04 00:00:00,Sour cream,3.99,250,grams,Superfresh,
2024-11-04 00:00:00,Thickened cream,3.99,300,ml,Superfresh,
2024-11-04 00:00:00,Parmesan,10.99,200,grams,Superfresh,Fancy certified one
2024-11-04 00:00:00,Chicken breast,9.99,1,kg,Hong Meat,
2024-11-04 00:00:00,Butter,7,500,grams,Woolworths,
2024-11-04 00:00:00,Vegetable oil,3.55,750,ml,Woolworths,
2024-11-04 00:00:00,Black beans,1.5,420,grams,Woolworths,Organic
2024-11-04 00:00:00,Yoghurt,2,170,grams,Woolworths,Tiny pot
2024-11-04 00:00:00,Grated cheese,9.5,500,grams,Woolworths,Bega tasty cheese - on sale
2024-11-04 00:00:00,Frozen potato chips,4.3,900,grams,Woolworths,McCain superfries straight cut
2024-11-04 00:00:00,White wraps,2.4,8,whole,Woolworths,Essentials brand
2024-11-04 00:00:00,Sausages,11,26,whole,Woolworths,Very thin sausages
2024-11-15 00:00:00,Vegetable oil,7.2,2,litres,Woolworths,
2024-11-09 00:00:00,Pita bread,2,5,whole,Jaam E Jame,Might be more in a pack not sure
2024-11-09 00:00:00,Za'atar,6,500,grams,Jaam E Jame,Lebanese variety
2024-11-11 00:00:00,Sweet potato,2.49,1,kg,Sakura,
2024-11-11 00:00:00,Potatoes,3.99,1,kg,Sakura,
2024-11-11 00:00:00,Ginger,13.99,1,kg,Sakura,
2024-11-11 00:00:00,Lemon,1.99,3,whole,Sakura,Sold by the bag
2024-11-11 00:00:00,Broccoli,4.99,1,kg,Sakura,
2024-11-11 00:00:00,Brown onions,1.99,1,kg,Yonghui,
2024-11-11 00:00:00,Fresh coriander,0.99,20,whole,Yonghui,Whole sprigs
2024-11-11 00:00:00,Tomato,3.49,1,kg,Yonghui,
2024-11-11 00:00:00,Spinach,1.59,120,grams,Yonghui,Quantity is super approximate but a big bunch
2024-11-11 00:00:00,Eggs,7.99,12,whole,Yonghui,
2024-11-11 00:00:00,Prawns,15.88,700,grams,Tonyon Warehouse,Deep frozen. Shelled and deveined.
2024-11-11 00:00:00,Chinese cooking wine,1.38,640,ml,Tonyon Supermarket,Double phoenix.
2024-11-11 00:00:00,Chicken thigh,11.99,1,kg,Hong meat,
2024-11-11 00:00:00,Beef mince,9.99,1,kg,Hong Meat,
2024-11-11 00:00:00,Milk,4.19,2,litres,Superfresh,
2024-11-11 00:00:00,Lime,22.99,1,kg,Superfresh,
2024-11-11 00:00:00,Garlic,29.99,1,kg,Superfresh,
2024-11-11 00:00:00,Olive oil,11,1,litre,Woolworths,Worst quality available.
2024-11-18 00:00:00,Iceberg lettuce,1.99,1,head,Sakura,
2024-11-18 00:00:00,Carrots,1.99,1,kg,Sakura,
2024-11-18 00:00:00,Red capsicum,3.99,1,kg,Tonyon Warehouse,Red
2024-11-18 00:00:00,Brown onions,1.88,1,kg,Tonyon Warehouse,
2024-11-18 00:00:00,Red onion,5.99,1,kg,7Fresh,
2024-11-18 00:00:00,Lentils,4.95,1,kg,7Fresh,Red split lentils.
2024-11-18 00:00:00,Sweet potato,2.99,1,kg,7Fresh,
2024-11-18 00:00:00,Red onion,3.99,1,kg,Freshtown,
2024-11-18 00:00:00,Beef mince,9.99,1,kg,Hong Meat,
2024-11-18 00:00:00,Chicken thigh,11.99,1,kg,Hong meat,
2024-11-18 00:00:00,Parsley,1.29,10,sprigs,Superfresh,one whole is one sprig
2024-11-18 00:00:00,Lasagne sheets,4.99,29,whole,Superfresh,Whole refers to sheets
2024-11-18 00:00:00,Halloumi,6.99,225,grams,Superfresh,
2024-11-18 00:00:00,Butter,7,500,grams,Woolworths,
2024-11-18 00:00:00,Brown sugar,3.3,1,kg,Woolworths,
2024-11-18 00:00:00,Grated cheese,9.5,500,grams,Woolworths,Bega tasty cheese
2024-11-18 00:00:00,Mayonnaise,6.5,405,grams,Woolworths,Cheap brand in plastic jar but still whole egg.
2024-11-18 00:00:00,Sultanas,7,1,kg,Woolworths,
2024-11-18 00:00:00,Farfalle pasta,3.2,500,grams,Woolworths,"La Molisana brand, ugly ribbed pattern on one side."
2024-11-25 00:00:00,Sweet potato,2.49,1,kg,Sakura,
2024-11-25 00:00:00,Milk,3.98,2,litres,Yonghui,
2024-11-25 00:00:00,Brown onions,1.88,1,kg,Tonyon Warehouse,
2024-11-25 00:00:00,Red capsicum,2.99,1,kg,Freshtown,Red
2024-11-25 00:00:00,Bananas,3.99,1,kg,7Fresh,
2024-11-25 00:00:00,Potatoes,5.99,2,kg,7Fresh,
2024-11-25 00:00:00,Bananas,3.99,1,kg,7Fresh,
2024-11-25 00:00:00,Mini chicken drumsticks,5.49,1,kg,Hong meat,
2024-11-25 00:00:00,Mini chicken drumsticks,9,3,kg,Hong meat,
2024-11-25 00:00:00,Mini chicken drumsticks,8,2,kg,Hong meat,
2024-11-25 00:00:00,Thickened cream,3.99,300,ml,Superfresh,
2024-11-25 00:00:00,Savoiardi,6.99,400,grams,Superfresh,48 biscuits
2024-11-25 00:00:00,Tomato passata,3.29,700,grams,Superfresh,Val verde
2024-11-25 00:00:00,Garlic,29.99,1,kg,Superfresh,
2024-11-25 00:00:00,Mushrooms,9.99,1,kg,Superfresh,
2024-11-25 00:00:00,Parsley,1.29,10,sprigs,Superfresh,one whole is one sprig
2024-11-25 00:00:00,Mascarpone,4.8,250,grams,Woolworths,
2024-11-25 00:00:00,Tomato sauce,1.95,500,ml,Woolworths,Home brand
2024-11-25 00:00:00,Dark cooking chocolate,5,180,grams,Woolworths,Cadbury 70pct
2024-11-25 00:00:00,White wraps,2.4,8,whole,Woolworths,Essentials brand
2024-12-03 00:00:00,Red capsicum,2.99,1,kg,Tonyon Warehouse,Red
2024-12-03 00:00:00,Spring onions,1.39,10,whole,Tonyon Warehouse,
2024-12-03 00:00:00,Garlic,29.99,1,kg,Superfresh,
2024-12-03 00:00:00,Lime,15.99,1,kg,Superfresh,
2024-12-03 00:00:00,Oregano,3.99,25,grams,Superfresh,G-fresh
2024-12-03 00:00:00,Chicken breast,9.99,1,kg,Hong Meat,
2024-12-03 00:00:00,Beef mince,9.99,1,kg,Hong Meat,
2024-12-03 00:00:00,Potatoes,5.99,2,kg,7Fresh,
2024-12-03 00:00:00,Potatoes,3.99,1,kg,7Fresh,
2024-12-03 00:00:00,Potatoes,4.99,1,kg,Superfresh,
2024-12-03 00:00:00,Gai lan,2,8,whole,Sakura,
2024-12-03 00:00:00,Milk,3.98,2,litres,Yonghui,
2024-12-03 00:00:00,Brown onions,1.99,1,kg,Yonghui,
2024-12-03 00:00:00,Cherry tomatoes,4.99,1,kg,Yonghui,
2024-12-03 00:00:00,Tomato,2.99,1,kg,Yonghui,
2024-12-03 00:00:00,Fresh coriander,0.99,20,whole,Yonghui,Whole sprigs
2024-12-03 00:00:00,Eggs,7.99,12,whole,Yonghui,
2024-12-03 00:00:00,Mayonnaise,6.3,440,grams,Woolworths,S&W brand whole egg
2024-12-03 00:00:00,Breadcrumbs,3,750,grams,Woolworths,
2024-12-03 00:00:00,Cheddar,7,250,grams,Woolworths,Mainland brand.
2024-12-03 00:00:00,Spaghetti,2,500,grams,Woolworths,Zafarelli brand
2024-12-06 00:00:00,Butter,4,250,grams,Woolworths,
2024-12-11 00:00:00,Parmesan,6.5,200,grams,Woolies,Cheapest one
2024-12-11 00:00:00,Bananas,2.49,1,kg,Sakura,
2024-12-11 00:00:00,Brown onions,2.49,1,kg,Sakura,
2024-12-11 00:00:00,Potatoes,3.99,1,kg,Sakura,
2024-12-11 00:00:00,Milk,3.98,2,litres,Yonghui,
2024-12-11 00:00:00,Cherry tomatoes,3.99,1,kg,Yonghui,
2024-12-11 00:00:00,Cucumber,2.5,1,kg,Yonghui,
2024-12-11 00:00:00,Cauliflower,4.99,1,whole,7Fresh,
2024-12-11 00:00:00,Red onion,5.99,1,kg,7Fresh,
2024-12-11 00:00:00,Chicken breast,9.99,1,kg,Hong Meat,
2024-12-11 00:00:00,Parsley,1.29,10,sprigs,Superfresh,one whole is one sprig
2024-12-11 00:00:00,Gnocchi,3.2,500,grams,Superfresh,
2024-12-11 00:00:00,Olive oil,11,1,litre,Woolworths,Worst quality available.
2024-12-11 00:00:00,Puff pastry,4,8,whole,Woolworths,
2024-12-11 00:00:00,Mozzarella block,6,500,grams,Woolworths,
2024-12-11 00:00:00,Pizza cheese,9.5,450,grams,Woolworths,Perfect italiano brand
2024-12-11 00:00:00,White wraps,2.4,8,whole,Woolworths,Essentials brand
2024-12-11 00:00:00,Paprika,3.99,90,grams,Superfresh,G-fresh brand
2024-12-17 00:00:00,Tomato,3.99,1,kg,Happigo,
2024-12-16 00:00:00,Carrots,2.99,1,kg,Superfresh,
2024-12-16 00:00:00,Green grapes,2.99,1,kg,Superfresh,Bucket sale
2024-12-16 00:00:00,Kiwi fruit,14.99,1,kg,Superfresh,
2024-12-16 00:00:00,Milk,4.19,2,litres,Superfresh,
2024-12-16 00:00:00,Garlic,19.99,1,kg,7fresh,
2024-12-16 00:00:00,Ginger,19.99,1,kg,7fresh,
2024-12-16 00:00:00,Brown onions,2.99,1,kg,7fresh,
2024-12-16 00:00:00,Potatoes,3.99,1,kg,7fresh,
2024-12-16 00:00:00,Tomato,4.99,1,kg,7fresh,
2024-12-27 00:00:00,Brown onions,1.88,1,kg,Tonyon Warehouse,
2024-12-29 00:00:00,Garlic,20.05,1,kg,Kmall09,
2024-12-29 00:00:00,Carrots,1.48,1,kg,Tonyon Warehouse,
2024-12-29 00:00:00,Broccoli,2.99,1,kg,Tonyon Warehouse,
2024-12-29 00:00:00,Red capsicum,3.38,1,kg,Tonyon Warehouse,Red
2024-12-29 00:00:00,Tomato,1.99,1,kg,Tonyon Warehouse,Quite small
2024-12-30 00:00:00,Potatoes,3.99,1,kg,Sakura,
2024-12-30 00:00:00,Ginger,19.99,1,kg,Sakura,
2024-12-30 00:00:00,Fresh coriander,2.49,20,whole,Yonghui,Whole sprigs
2024-12-30 00:00:00,Bananas,2.39,1,kg,Yonghui,
2024-12-30 00:00:00,Milk,3.98,2,litres,Yonghui,
2024-12-30 00:00:00,Brown onions,1.88,1,kg,Tonyon Warehouse,
2024-12-30 00:00:00,Red onion,2.68,1,kg,Tonyon Warehouse,
2024-12-30 00:00:00,Tomato,1.99,1,kg,Tonyon Warehouse,Quite small
2024-12-30 00:00:00,Red onion,5.99,1,kg,7fresh,
2024-12-30 00:00:00,Chicken breast,9.99,1,kg,Hong Meat,
2024-12-30 00:00:00,Leeks,4.99,2,whole,Superfresh,
2024-12-30 00:00:00,Garlic,29.99,1,kg,Superfresh,Spanish
2024-12-30 00:00:00,Eggs,7.99,12,whole,Freshtown,
2024-12-30 00:00:00,Beef mince,13.99,1,kg,L&W meat,
2024-12-30 00:00:00,Butter,7,500,grams,Woolworths,
2024-12-30 00:00:00,Tomato paste,1.4,500,grams,Woolworths,Essentials brand
2024-12-30 00:00:00,Halloumi,4.8,180,grams,Woolworths,
2024-12-30 00:00:00,Cream cheese,3.1,250,grams,Woolworths,
2024-12-30 00:00:00,Thickened cream,4.5,600,ml,Woolworths,
2025-01-07 00:00:00,Ginger,24.99,1,kg,Sakura,
2025-01-07 00:00:00,Leeks,2.99,1,whole,Sakura,
2025-01-07 00:00:00,Cherry tomatoes,5.99,1,kg,Yonghui,
2025-01-07 00:00:00,Milk,3.98,2,litres,Yonghui,
2025-01-07 00:00:00,Tomato,3.99,1,kg,Yonghui,Normal quality
2025-01-07 00:00:00,Peas,8.99,2,kg,Tonyon Warehouse,
2025-01-07 00:00:00,Sweet potato,1.38,1,kg,Tonyon Warehouse,Very small
2025-01-07 00:00:00,Eggs,7.99,12,whole,Freshtown,
2025-01-07 00:00:00,Red onion,5.99,1,kg,7fresh,
2025-01-07 00:00:00,Potatoes,4.99,1,kg,7fresh,Consistently good quality.
2025-01-07 00:00:00,Jasmine rice,19.99,5,kg,7Fresh,
2025-01-07 00:00:00,Beef mince,9.99,1,kg,Hong Meat,
2025-01-07 00:00:00,Chicken thigh,11.99,1,kg,Hong meat,
2025-01-07 00:00:00,Basmati rice,7.5,2,kg,Woolworths,
2025-01-07 00:00:00,Parmesan,6.5,200,grams,Woolies,Cheapest one
2025-01-07 00:00:00,Butter,7,500,grams,Woolworths,
2025-01-07 00:00:00,Sultanas,7,1,kg,Woolworths,
2025-01-07 00:00:00,Farfalle pasta,4,500,grams,Woolworths,"La Molisana brand, ugly ribbed pattern on one side."
2025-01-12 00:00:00,Ginger,29.99,1,kg,OK Supermarket,
2025-01-12 00:00:00,Tomato passata,2.2,680,grams,Woolies,La Gina brand
2025-01-15 00:00:00,Milk,3.98,2,litres,Yonghui,
2025-01-15 00:00:00,Iceberg lettuce,2.99,1,head,Yonghui,
2025-01-15 00:00:00,Brown onions,1.88,1,kg,Tonyon Warehouse,
2025-01-15 00:00:00,Chinese celery,1.99,1,whole,Happigo,Maybe 10 little stems of celery
2025-01-15 00:00:00,Beef mince,9.99,1,kg,Hong Meat,
2025-01-15 00:00:00,Chicken thigh,11.99,1,kg,Hong meat,
2025-01-15 00:00:00,Garlic,19.99,1,kg,7Fresh,Spanish
2025-01-15 00:00:00,Lemon,9.99,1,kg,7Fresh,Individual
2025-01-15 00:00:00,Potatoes,4.99,1,kg,Superfresh,Consistently good quality.
2025-01-15 00:00:00,Rigatoni,2.95,500,grams,Woolworths,San Remo brand
2025-01-15 00:00:00,Brioche buns,6.5,4,whole,Woolworths,
2025-01-26 00:00:00,Beef mince,9.99,1,kg,Hong Meat,
2024-01-21 00:00:00,Bean sprouts,1.29,400,grams,Sakura,Belmore brand
2024-01-21 00:00:00,Cucumber,5.49,1,kg,Sakura,
2024-01-21 00:00:00,Chow mein noodles,3.39,500,grams,Sakura,
2024-01-21 00:00:00,Ginger,29.99,1,kg,Sakura,
2024-01-21 00:00:00,Milk,3.98,2,litres,Yonghui,
2024-01-21 00:00:00,Fresh coriander,1.8,20,whole,Yonghui,Whole sprigs
2024-01-21 00:00:00,Red potatoes,2.68,1,kg,Tonyon Warehouse,
2024-01-21 00:00:00,Brown onions,3.99,2,kg,7fresh,7fresh
2024-01-21 00:00:00,Chicken thigh,11.99,1,kg,Hong meat,
2024-01-21 00:00:00,Chicken breast,8.49,1,kg,Hong Meat,
2024-01-21 00:00:00,Parsley,1.99,10,sprigs,Superfresh,one whole is one sprig
2024-01-21 00:00:00,Mayonnaise,8.5,810,grams,Woolworths,Best Foods brand
2024-01-21 00:00:00,Tomato passata,2.2,680,grams,Woolies,La Gina brand
2024-01-21 00:00:00,Cherries,7.99,500,grams,Superfresh,Punnet
2024-01-21 00:00:00,Iceberg lettuce,3.2,1,head,Woolies,
2025-02-01 00:00:00,Cherries,7.99,500,grams,Superfresh,Punnet
2025-02-03 00:00:00,Green capsicum,2.99,1,kg,Tonyon Warehouse,
2025-02-03 00:00:00,Gai lan,1.59,8,whole,Yonghui,
2025-02-03 00:00:00,Cherry tomatoes,3.99,1,kg,7Fresh,
2025-02-03 00:00:00,Paper towel,950,6,whole,7Fresh,rolls
2025-02-03 00:00:00,Oak lettuce,1.99,1,head,7Fresh,
2025-02-03 00:00:00,Brown onions,3.99,1,kg,7Fresh,
2025-02-03 00:00:00,Red onion,5.99,1,kg,7fresh,
2025-02-03 00:00:00,Dry kidney beans,6.5,1,kg,7Fresh,
2025-02-03 00:00:00,Brown lentils,4.95,1,kg,7Fresh,
2025-02-03 00:00:00,Beef mince,9.99,1,kg,Hong Meat,
2025-02-03 00:00:00,Chicken breast,8.49,1,kg,Hong Meat,
2025-02-03 00:00:00,Chicken thigh,11.99,1,kg,Hong meat,
2025-02-03 00:00:00,Cajun seasoning,3.99,100,grams,Superfresh,G-fresh
2025-02-03 00:00:00,Olive oil,14,1,litre,Woolworths,Worst quality available.
2025-02-03 00:00:00,Butter,7,500,grams,Woolworths,
2025-02-03 00:00:00,White wraps,2.4,8,whole,Woolworths,Essentials brand
2025-02-03 00:00:00,Kransky sausage,20,1,kg,Woolies,Double smoked from deli section
2025-02-03 00:00:00,Thickened cream,2.8,300,ml,Woolworths,
2025-02-03 00:00:00,Halloumi,4.8,180,grams,Woolworths,
2025-01-28 00:00:00,Cherries,7.99,500,grams,Superfresh,Punnet
2025-01-28 00:00:00,Milk,3,2,litres,Woolies,Home brand
2025-01-28 00:00:00,Yoghurt,4.2,1,kg,Woolworths,Home brand
2025-01-28 00:00:00,Butter,7,500,grams,Woolworths,
2025-01-29 00:00:00,Bananas,2.38,1,kg,Tonyon Warehouse,
2025-01-29 00:00:00,Tomato,3.99,1,kg,Tonyon Warehouse,Truss
2025-01-29 00:00:00,Broccoli,3.99,1,kg,Tonyon Supermarket,
2025-01-29 00:00:00,Garlic,14.99,1,kg,Freshtown,Spanish
2025-01-29 00:00:00,Red capsicum,4.99,1,kg,Freshtown,Red
2025-01-29 00:00:00,Eggs,7.99,12,whole,7Fresh,700 grams
2025-01-29 00:00:00,Cucumber,4.99,1,kg,7Fresh,
2025-01-29 00:00:00,Diced tomatoes,1,400,grams,7Fresh,Divella brand
2025-01-29 00:00:00,Iceberg lettuce,2.99,1,head,7Fresh,
2025-01-29 00:00:00,Red onion,5.99,1,kg,7fresh,
2025-01-29 00:00:00,Chicken breast,8.49,1,kg,Hong Meat,
2025-01-29 00:00:00,Feta,6.99,200,grams,Superfresh,Dodoni brand
2025-01-29 00:00:00,Red wine,9.99,4,litres,Mr Liquor,Cask red wine
2025-01-29 00:00:00,White wine,9.99,4,litres,Mr Liquor,Cask white wine
2025-01-29 00:00:00,Shredded cheese,7.1,500,grams,Woolies,Assuming tasty cheese is meant
2025-01-29 00:00:00,Corn chips,2.35,175,grams,Woolies,one pack
2025-02-09 00:00:00,Soy sauce,4.3,500,ml,Woolworths online,Lee Kum Kee brand
2025-02-09 00:00:00,Sumac,2,40,grams,Woolworths online,
2025-02-09 00:00:00,Sriracha,3.5,455,ml,Woolworths online,Tiao Hu cheapest brand
2025-02-09 00:00:00,Chilli flakes,2,23,grams,Woolworths online,
2025-02-09 00:00:00,Whole cloves,2,15,grams,Woolworths online,Hoyts
2025-02-09 00:00:00,Treacle,6,850,grams,Woolworths online,
2025-02-09 00:00:00,Tinned cherry tomatoes,1.8,400,grams,Woolworths online,Annalisa brand cheapest
2025-02-09 00:00:00,Tia maria,47.99,700,ml,Dan murphys online,
2025-02-09 00:00:00,Sundried tomato oil,0,1,ml,Leftover in the jar,
2025-02-09 00:00:00,Spaghettoni,2.8,500,grams,Woolworths online,Barilla brand
2025-02-09 00:00:00,Sausage mince,5.5,500,grams,Woolworths online,Home brand
2025-02-09 00:00:00,Fresh rosemary,0,1,sprigs,Garden,
2025-02-09 00:00:00,Beef ravioli,11,625,grams,Woolworths online,A cheaper bulk pack exists but not at my local
2025-02-09 00:00:00,Pecans,4.3,150,grams,Woolworths online,Home brand
2025-02-09 00:00:00,Roasted peanuts,2.8,375,grams,Woolworths online,Home brand
2025-02-09 00:00:00,Fridge ready pasta sauce,6,450,grams,Woolworths online,Leggo brand. Billed as fresh sauce
2025-02-09 00:00:00,Passionfruit,5.9,6,whole,Woolworths online,In net
2025-02-09 00:00:00,Marshmallows,5,280,grams,Woolworths online,"Pascal brand and not even the jumbo, worst value for money."
2025-02-09 00:00:00,Beer,5.99,330,ml,Dan murphys online,Great northern brand as a single.
2025-02-10 00:00:00,Mole negro,17.25,500,grams,Fireworks foods,El sabor de Oaxaca brand. May no longer be stocked.
2025-02-10 00:00:00,Long grain rice,1.8,1,kg,Woolworths online,
2025-02-10 00:00:00,Lolly raspberries,5,190,grams,Woolworths online,Allens brand
2025-02-10 00:00:00,Ham,5,200,grams,Woolworths online,Don brand
2025-02-10 00:00:00,Ground ginger,2,25,grams,Woolworths online,Home brand
2025-02-10 00:00:00,Lebanese bread,1.8,6,whole,Woolworths online,Pieces
2025-02-11 00:00:00,Ground coffee,22,500,grams,Woolworths online,Vittoria Espresso brand.
2025-02-11 00:00:00,Golden syrup,4.5,500,grams,Woolworths online,CSR brand
2025-02-11 00:00:00,Gelatine leaves,5.65,12,whole,Woolworths online,"20 grams, McKenzies brand"
2025-02-11 00:00:00,Fennel,3.5,1,whole,Woolworths online,
2025-02-11 00:00:00,Dried thyme,2,12,grams,Woolworths online,
2025-02-11 00:00:00,Dried parsley,2,5,grams,Woolworths online,
2025-02-11 00:00:00,Dried cranberries,2.75,150,grams,Woolworths online,Home brand
2025-02-11 00:00:00,Dried apricots,8,500,grams,Woolworths online,Home brand
2025-02-11 00:00:00,Chicken maryland,9,1,kg,Woolworths online,
2025-02-11 00:00:00,Celery,4,10,stalks,Woolworths online,
2025-02-11 00:00:00,Ground cardamom,2,24,grams,Woolworths online,Home brand
2025-02-11 00:00:00,Caraway seeds,1.8,15,grams,Woolworths online,Hoyts brand
2025-02-11 00:00:00,Oak lettuce,3.2,1,head,Woolworths online,
2025-02-11 00:00:00,Brandy,42.99,700,ml,Dan murphys online,"Napolean 1875 VSOP, cheapest on website."
2025-02-11 00:00:00,Beef rump steak,29,1,kg,Woolworths online,
2025-02-10 00:00:00,Bananas,2.58,1,kg,Tonyon Warehouse,
2025-02-10 00:00:00,Sliced almonds,21.9,1,kg,Tonyon Warehouse,Bulk pack
2025-02-10 00:00:00,Green capsicum,2.99,1,kg,Tonyon Warehouse,
2025-02-10 00:00:00,Cucumber,2.88,1,kg,Tonyon Warehouse,
2025-02-10 00:00:00,Lemon,4.88,1,kg,Tonyon Warehouse,Individual
2025-02-10 00:00:00,Fish sauce,2.98,210,ml,Yonghui,Ayam brand
2025-02-10 00:00:00,Carrots,1.99,1,kg,Yonghui,
2025-02-10 00:00:00,Cinnamon sticks,1.98,10,whole,Yonghui,Guestimate. 50 grams
2025-02-10 00:00:00,Garlic,14.99,1,kg,Freshtown,Spanish
2025-02-10 00:00:00,Fresh coriander,1.5,15,whole,Freshtown,Whole sprigs
2025-02-10 00:00:00,Diced tomatoes,1,400,grams,7Fresh,Divella brand
2025-02-10 00:00:00,Tomato passata,2.99,680,grams,7Fresh,Divella brand
2025-02-10 00:00:00,Oak lettuce,2.5,1,head,7Fresh,
2025-02-10 00:00:00,Potatoes,7.99,2,kg,7Fresh,Sometimes not available
2025-02-10 00:00:00,Cherry tomatoes,5.99,1,kg,7Fresh,
2025-02-10 00:00:00,Gnocchi,3.2,500,grams,Superfresh,
2025-02-10 00:00:00,Milk,4.19,2,litres,Superfresh,Dairy farmers brand
2025-02-10 00:00:00,Mozzarella cheese,6,350,grams,Woolies,Pear mozzarella whole
2025-02-10 00:00:00,Ice cream,10.9,4,litres,Woolies,Peters original brand.
2025-02-10 00:00:00,Shredded cheese,7.1,500,grams,Woolies,Assuming tasty cheese is meant
2025-02-10 00:00:00,Pine nuts,3.95,80,grams,Woolies,
2025-02-10 00:00:00,Ground cardamom,2,24,grams,Woolies,Home brand
2025-02-19 00:00:00,Kent pumpkin,1.99,1,kg,Ton yon warehouse,
2025-02-19 00:00:00,Sweet potato,1.69,1,kg,Tonyon Warehouse,Great quality
2025-02-19 00:00:00,Brown onions,1.99,1,kg,Tonyon warehouse,
2025-02-19 00:00:00,Plain flour,7.99,5,kg,Tonyon supermarket,
2025-02-19 00:00:00,Garlic,14.99,1,kg,Freshtown,Spanish
2025-02-19 00:00:00,Vegetable stock powder,5.99,250,grams,Superfresh,Makes like 20 litres
2025-02-19 00:00:00,Basil pesto,4.99,190,grams,Superfresh,
2025-02-19 00:00:00,Ground ginger,4.49,70,grams,Superfresh,G-fresh brand
2025-02-19 00:00:00,Taco spice mix,4.49,130,grams,Superfresh,G-fresh brand
2025-02-19 00:00:00,Rigatoni,2.99,500,grams,Superfresh,Divella brand
2025-02-19 00:00:00,Eggs,11.99,12,whole,Freshtown,800
2025-02-19 00:00:00,Eggs,8.99,12,whole,Superfresh,Not free range - cage free
2025-02-19 00:00:00,Parmesan,10.99,200,grams,Superfresh,Zanetti brand parmiggiano reggiano
2025-02-19 00:00:00,Potatoes,4.99,1,kg,Superfresh,Consistent
2025-02-19 00:00:00,Lime,8.99,1,kg,Superfresh,Great size too
2025-02-19 00:00:00,Ice cream,8.7,4,litres,Woolies,Peters original brand but on sale
2025-02-19 00:00:00,Kangaroo mince,14.6,1,kg,Woolies,K-Roo brand
2025-02-19 00:00:00,Butter,7,500,grams,Woolworths,
2025-02-22 00:00:00,Kent pumpkin,1.99,1,kg,Ok supermarket,
2025-02-22 00:00:00,Kent pumpkin,1.29,1,kg,7Fresh,
2025-02-22 00:00:00,Potatoes,4.99,1,kg,7Fresh,A little soft
2025-02-22 00:00:00,Four bean mix,1.1,420,grams,Woolworths online,Home brand.
2025-02-22 00:00:00,Tinned red kidney beans,1.1,420,grams,Woolworths online,Home brand.
2025-02-22 00:00:00,Red wine vinegar,5,500,ml,Woolworths online,Moro brand
